-- MySQL dump 10.13  Distrib 5.7.18, for Linux (x86_64)
--
-- Host: localhost    Database: bd_appgestionintegral
-- ------------------------------------------------------
-- Server version	5.7.18

/*!40101 SET @OLD_CHARACTER_SET_CLIENT=@@CHARACTER_SET_CLIENT */;
/*!40101 SET @OLD_CHARACTER_SET_RESULTS=@@CHARACTER_SET_RESULTS */;
/*!40101 SET @OLD_COLLATION_CONNECTION=@@COLLATION_CONNECTION */;
/*!40101 SET NAMES utf8 */;
/*!40103 SET @OLD_TIME_ZONE=@@TIME_ZONE */;
/*!40103 SET TIME_ZONE='+00:00' */;
/*!40014 SET @OLD_UNIQUE_CHECKS=@@UNIQUE_CHECKS, UNIQUE_CHECKS=0 */;
/*!40014 SET @OLD_FOREIGN_KEY_CHECKS=@@FOREIGN_KEY_CHECKS, FOREIGN_KEY_CHECKS=0 */;
/*!40101 SET @OLD_SQL_MODE=@@SQL_MODE, SQL_MODE='NO_AUTO_VALUE_ON_ZERO' */;
/*!40111 SET @OLD_SQL_NOTES=@@SQL_NOTES, SQL_NOTES=0 */;

--
-- Table structure for table `Asignatura_dependencia`
--

DROP TABLE IF EXISTS `Asignatura_dependencia`;
/*!40101 SET @saved_cs_client     = @@character_set_client */;
/*!40101 SET character_set_client = utf8 */;
CREATE TABLE `Asignatura_dependencia` (
  `codigo_asignatura` varchar(20) NOT NULL,
  `codigo_dependencia` varchar(5) NOT NULL,
  `id_asignatura_dependencia` int(11) NOT NULL AUTO_INCREMENT,
  PRIMARY KEY (`id_asignatura_dependencia`),
  KEY `codigo_asignatura_idx` (`codigo_asignatura`),
  KEY `codigo_dependencia_idx` (`codigo_dependencia`)
) ENGINE=InnoDB AUTO_INCREMENT=177 DEFAULT CHARSET=latin1;
/*!40101 SET character_set_client = @saved_cs_client */;

--
-- Dumping data for table `Asignatura_dependencia`
--

LOCK TABLES `Asignatura_dependencia` WRITE;
/*!40000 ALTER TABLE `Asignatura_dependencia` DISABLE KEYS */;
INSERT INTO `Asignatura_dependencia` VALUES ('750080M','2711',1),('750099M','2711',2),('750082M','2711',3),('204101M','2711',4),('111095M','2711',5),('710192M','2711',6),('111050M','2711',7),('204161M','2711',8),('750081M','2711',9),('204104M','2711',10),('760081M','2711',11),('750087M','2711',12),('750092M','2711',13),('750093M','2711',14),('750094M','2711',15),('801208M','2711',16),('710193M','2711',17),('111051M','2711',18),('750083M','2711',19),('750085M','2711',20),('111048M','2711',21),('750030M','2711',22),('750091M','2711',23),('750096M','2711',24),('750084M','2711',25),('750106M','2711',26),('750105M','2711',27),('750022M','2711',28),('  801056M','2837',29),('801031M','2837',30),('950020M','2837',31),('204104M','2837',32),('801103M','2837',33),('204161M','2837',34),('950004M','2837',35),('950002M','2837',36),('801009M','2837',37),('801008M','2837',38),('801098M','2838',39),('950018M','2838',40),('204161M','2838',41),('801177M','2838',42),('950005M','2838',43),('950011M','2839',44),('801009M','2839',45),('801169M','2839',46),('950003M','2839',47),('950007M','2839',48),('801019M','2839',49),('  950028M','2839',50),('204101M','2839',51),('  950027M','2839',52),('207009M','3249',53),('204001M','3249',54),('207076M','3249',55),('201007M','3249',56),('207004M','3249',57),('207031M','3249',58),('203087M','3249',59),('207011M','3249',60),('204101M','3249',61),('207050M','3249',62),('207071M','3249',63),('207019M','3249',64),('207030M','3249',65),('207082M','3249',66),('207022M','3249',67),('207018M','3249',68),('990001M','3249',69),('207066M','3249',70),('207479','3249',71),('207106M','3249',72),('405046M','3469',73),('405004M','3469',74),('405047M','3469',75),('405049M','3469',76),('204101M','3469',77),('405062M','3469',78),('405058M','3469',79),('405076M','3469',80),('405098M','3469',81),('405085M','3469',82),('111051M','3469',83),('405055M','3469',84),('405070M','3469',85),('405100M','3469',86),('405060M','3469',87),('405072M','3469',88),('405057M','3469',89),('405063M','3469',90),('405116M','3469',91),('106065M','3469',92),('405094M','3469',93),('405079M','3469',94),('405081M','3469',95),('405095M','3469',96),('990001M','3469',97),('802093M','3841',98),('802092M','3841',99),('802060M','3841',100),('802095M','3841',101),('802057M','3841',102),('801151M','3841',103),('802090M','3841',104),('802099M','3841',105),('802094M','3841',106),('990001M','3841',107),('802067M','3841',108),('802062M','3841',109),('802082M','3841',110),('801009M','3841',111),('802002M','3841',112),('801157M','3841',113),('802087M','3841',114),('204046M','3841',115),('801015M','3841',116),('801016M','3841',117),('802086M','3841',118),('801150M','3841',119),('204151M','3841',120),('801030M','3841',121),('801020M','3841',122),('801152M','3841',123),('802068M','3841',124),('802026M','3841',125),('802046M','3841',126),('802025M','3841',127),('801154M','3841',128),('204073M','3845',129),('802101M','3845',130),('801019M','3845',131),('801172M','3845',132),('801044M','3845',133),('801021M','3845',134),('801130M','3845',135),('801173M','3845',136),('801175M','3845',137),('801054M','3845',138),('801030M','3845',139),('801082M','3845',140),('801176M','3845',141),('801062M','3845',142),('801182M','3845',143),('802116M','3845',144),('801073M','3845',145),('801183M','3845',146),('801218M','3845',147),('801181M','3845',148),('801184M','3845',149),('801051M','3845',150),('950012M','3845',151),('801110M','3845',152),('801185M','3845',153),('801219M','3845',154),('801215M','3845',155),('801179M','3845',156),('801177M','3845',157),('802100M','3845',158),('801052M','3845',159),('801180M','3845',160),('204066M','3845',161),('801168M','3845',162),('802102M','3845',163),('801169M','3845',164),('801024M','3845',165),('990001M','3845',166),('801108M','3845',167),('801103M','EC',168),('207040M','EC',169),('504094M','EC',170),('403013M','EC',171),('801007M','EC',172),('801040M','EC',173),('403171M','EC',174),('404001M','OL',175),('801014M','OL',176);
/*!40000 ALTER TABLE `Asignatura_dependencia` ENABLE KEYS */;
UNLOCK TABLES;

--
-- Table structure for table `Asignaturas`
--

DROP TABLE IF EXISTS `Asignaturas`;
/*!40101 SET @saved_cs_client     = @@character_set_client */;
/*!40101 SET character_set_client = utf8 */;
CREATE TABLE `Asignaturas` (
  `codigo` varchar(20) NOT NULL,
  `nombre_asignatura` varchar(150) NOT NULL,
  `horas_semanales` tinyint(250) NOT NULL,
  `jornada` varchar(1) NOT NULL,
  PRIMARY KEY (`codigo`)
) ENGINE=InnoDB DEFAULT CHARSET=latin1;
/*!40101 SET character_set_client = @saved_cs_client */;

--
-- Dumping data for table `Asignaturas`
--

LOCK TABLES `Asignaturas` WRITE;
/*!40000 ALTER TABLE `Asignaturas` DISABLE KEYS */;
INSERT INTO `Asignaturas` VALUES ('  801056M','ADMINISTRACION DE LA CALIDAD',3,'D'),('  950027M','TRANSPORTE',3,'N'),('  950028M','GESTION DE ALMACENAMIENTO',3,'N'),('106065M','FISICA GENERAL I',3,'D'),('111048M','ALGEBRA LINEAL',4,'N'),('111050M','CALCULO I',4,'D'),('111051M','CALCULO II',5,'N'),('111095M','MATEMÁTICA BÁSICA (FUNDAMENTAL)',5,'D'),('201007M','HISTORIA DE COLOMBIA',3,'D'),('203087M','EPISTEMOLOGÍA DE LAS CIENCIAS SOCIALES',3,'D'),('204001M','ESPAÑOL',3,'D'),('204046M','LECT. TEXTOS CONTAB. INGLES I',3,'N'),('204066M','BUSINESS ENGLISH II',3,'N'),('204073M','BUSINESS ENGLISH III',3,'D'),('204101M','LECTURA DE TEXTOS ACADÉMICOS EN INGLES I',5,'D'),('204104M','LECTURA DE TEXTOS ACADÉMICOS EN INGLES II',5,'D'),('204151M','LECT. TEXTO CONTABLES INGLES III',3,'N'),('204161M','COMPRENSIÓN Y PRODUCCIÓN DE TEXTOS ACADÉMICOS',3,'D'),('207004M','INTRODUCCIÓN AL TRABAJO SOCIAL',3,'D'),('207009M','DESARROLLO DE LA PERSONALIDAD I',3,'D'),('207011M','INDIVIDUO Y FAMILIA I',4,'D'),('207018M','METODOLOGÍA DE TRABAJO CON GRUPOS II',4,'D'),('207019M','ADMINISTRACIÓN SOCIAL',4,'D'),('207022M','ESTRATEGIAS DE INVESTIGACIÓN',4,'D'),('207030M','COMUNIDAD Y ORGANIZACIONES I',4,'D'),('207031M','ANTROPOLOGÍA SOCIAL Y CULTURAL',3,'D'),('207040M','IDENTIDADES FEMENINAS Y MASCULINAS ',3,'-'),('207050M','PSICOLOGÍA SOCIAL',3,'D'),('207066M','ELECTIVA PROFESIONAL - PEDAGOGÍA SOCIAL I ',3,'D'),('207071M','TEORÍA SOCIOLÓGICA II',3,'D'),('207076M','FUNDAMENTOS DE ECONOMÍA',3,'D'),('207082M','ESTADÍSTICA SOCIAL I',3,'D'),('207106M','TRABAJO DE GRADO II',0,'D'),('207479','TRABAJO DE GRADO',0,'D'),('403013M','PEDAGOGIA Y ÉTICA',3,'-'),('403171M','PAZ TRANSFORMADORA Y HORIZONTES',3,'-'),('404001M','DEPORTE FORMATIVO',2,'-'),('405004M','ELEMENTOS DE EDUCACIÓN MATEMÁTICA',3,'D'),('405046M','CONOCIMIENTO Y CULTURA',3,'D'),('405047M','ELEMENTOS DE LOGICA MATEMATICA',5,'D'),('405049M','NÚMEROS Y OPERACIONES',5,'D'),('405055M','HISTORIA DEL NUMERO Y LA MAGNITUD',3,'D'),('405057M','LENGUAJE NATURAL Y LENGUAJE FORMAL',3,'D'),('405058M','HERRAMIENTAS COMPUTACIONALES I',4,'D'),('405060M','HERRAMIENTAS COMPUTACIONALES III',4,'D'),('405062M','GEOMETRIA II',4,'D'),('405063M','RESOLUCION DE PROBLEMAS',3,'D'),('405070M','PROBLEMAS EN EDUCACIÓN MATEMÁTICA',3,'D'),('405072M','INFERENCIA ESTADISTICA',5,'D'),('405076M','LENGUAJE Y COMUNICACIÓN',3,'D'),('405079M','SEMINARIO DE PRACTICA PROFESIONAL I',2,'D'),('405081M','SEMINARIO DE TRABAJO DE GRADO I',2,'D'),('405085M','ALGEBRA MODERNA',4,'D'),('405094M','PRACTICA PROFESIONAL I',3,'D'),('405095M','TRABAJO DE GRADO I',0,'D'),('405098M','TEORIA DE CONJUNTOS',5,'D'),('405100M','TECNOLOGIAS DE LA INFORMACIÓN Y LA COMUNICACIÓN EN EDUCACIÓN MATEMÁTICA',3,'D'),('405116M','SECUENCIAS DIDACTICAS EN MATEMATICAS',3,'D'),('504094M','TALLER DE TEATRO',3,'-'),('710192M','ARQUITECTURA DE COMPUTADORES I',3,'D'),('710193M','ARQUITECTURA DE COMPUTADORES II',3,'N'),('750022M','SISTEMAS DE INFORMACIÓN',3,'N'),('750030M','BASES DE DATOS',4,'N'),('750080M','FUNDAMENTOS DE PROGRAMACIÓN',4,'D'),('750081M','INTRODUCCIÓN A LA PROGRAMACIÓN ORIENTADA A OBJETOS',4,'D'),('750082M','INTRODUCCIÓN A LAS TECNOLOGÍAS INFORMÁTICAS',2,'D'),('750083M','MATEMÁTICAS DISCRETAS I',3,'N'),('750084M','MATEMÁTICAS DISCRETAS II',4,'N'),('750085M','PROGRAMACIÓN INTERACTIVA',4,'N'),('750087M','APLICACIONES EN LA WEB Y REDES INALAMBRICAS',3,'D'),('750091M','DESARROLLO DE SOFTWARE I',3,'N'),('750092M','DESARROLLO DE SOFTWARE II',4,'D'),('750093M','DISEÑO DE INTERFACES DE USUARIO',3,'D'),('750094M','FUNDAMENTOS ANÁLISIS Y DISEÑO DE ALGORITMOS',4,'D'),('750096M','FUNDAMENTOS DE REDES',3,'N'),('750099M','INTRODUCCIÓN A LA TECNOLOGÍA EN SISTEMAS DE INFORMACIÓN',2,'D'),('750105M','PRUEBAS DE SOFTWARE',3,'N'),('750106M','ADMINISTRACIÓN DE REDES Y SERVIDORES',3,'N'),('760081M','TEORÍA GENERAL DE SISTEMAS',2,'D'),('801007M','TÉCNICAS DE COMUNICACIÓN',3,'-'),('801008M','MATEMATICA BASICA',3,'N'),('801009M','INFORMATICA I',3,'N'),('801014M','CONSTITUCIÓN POLÍTICA DE COLOMBIA',3,'-'),('801015M','LEGISLACIÓN COMERCIAL I',3,'N'),('801016M','MICROECONOMIA',3,'N'),('801019M','ESTADISTICA I',3,'N'),('801020M','MACROECONOMÍA',3,'N'),('801021M','TEORÍAS DE LA ORGANIZACIÓN Y GESTIÓN II',3,'D'),('801024M','TEORÍAS DE LA ORGANIZACIÓN Y GESTIÓN I',3,'N'),('801030M','LEGISLACION LABORAL',3,'N'),('801031M','ESTADISTICA II',3,'D'),('801040M','HISTORIA DE LAS CULTURAS HUMANAS',3,'-'),('801044M','MICROECONOMÍA',3,'D'),('801051M','Electiva en área de profundización I - METODOLOGIA DE LA INVESTIGACIÓN',3,'D'),('801052M','INVESTIGACIÓN DE MERCADOS',3,'N'),('801054M','INVESTIGACIÓN DE OPERACIONES',3,'D'),('801062M','COMERCIO EXTERIOR',3,'D'),('801073M','GERENCIA DE VENTAS',3,'D'),('801082M','POLÍTICA ECON. NACIONAL E INTERNACIONAL',3,'D'),('801098M','SELECCIÓN, ADMINISTRACIÓN E INDUCCIÓN DEL PERSONAL',3,'D'),('801103M','ELECTIVA PROFESIONAL  - DESARROLLO SOSTENIBLE',3,'N'),('801108M','TRABAJO DE GRADO',0,'N'),('801110M','Electiva en área de profundización III - COMPETITIVIDAD CON TALENTO HUMANO',3,'D'),('801130M','CREATIVIDAD E INNOVACIÓN EMPRESARIAL',3,'D'),('801150M','INFERENCIA ESTADÍSTICA',3,'N'),('801151M','PROCESO ADMON EMPRESARIAL',3,'D'),('801152M','SEMIN. EPISMETEMOL CIENCIAS',3,'N'),('801154M','RESOLUC. PROBL. TOMA DECISIONES',3,'N'),('801157M','MATEMATICA BASICA',4,'N'),('801168M','CIENCIAS HUMANAS II',3,'N'),('801169M','MATEMATICAS II',3,'N'),('801172M','LIDERAZGO EMPRESARIAL',3,'D'),('801173M','ESTRATEGIA Y PLANEACIÓN',3,'D'),('801175M','FUNDAMENTOS DE MERCADEO',3,'D'),('801176M','PROGRAMACIÓN E INTERNET',3,'D'),('801177M','GESTIÓN DEL TALENTO HUMANO',3,'N'),('801179M','GESTIÓN DE LA PRODUCCIÓN DE BIENES Y SERV.',3,'N'),('801180M','ANÁLISIS DE SISTEMAS DE INF. Y BASE DE DATOS',3,'N'),('801181M','TRABAJO EN EQUIPO',3,'D'),('801182M','CREACION DE EMPRESAS',3,'D'),('801183M','PROCESOS DE FABRICACIÓN DE BIENES Y SERV.',3,'D'),('801184M','ADMINISTRACIÓN PARA EL CAMBIO',3,'D'),('801185M','GERENCIA DE LA CALIDAD',3,'D'),('801208M','ORGANIZACIÓN Y ADMINISTRACIÓN DE EMPRESAS',3,'D'),('801215M','GESTION DE PROYECTOS',3,'D'),('801218M','TOMA DE DECISIONES y NEGOCIACION',3,'D'),('801219M','GESTION DE LOS SISTEMAS DE INFORMACION',3,'D'),('802002M','INTRODUCCION A LA CONTADURIA',3,'N'),('802025M','LABORATORIO CONTABLE FINAN. SISTEM',3,'N'),('802026M','CONTABILIDAD PÚBLICA',3,'N'),('802046M','CONTROL DE GESTION',3,'N'),('802057M','LEGISTACIÓN TRIBUTARIA II',3,'D'),('802060M','ELECT. PROFESIONAL III - FINANZAS INTERNACIONALES',3,'D'),('802062M','PROYECTO DE GRADO',0,'D'),('802067M','PRÁCTICA EMPRESARIAL CONTABLE',0,'D'),('802068M','ADMINISTRACION FINANCIERA',3,'N'),('802082M','FUND. CONTABIL.FINANCIERA',3,'N'),('802086M','CASOS CONTAB. ESPECIALES II',3,'N'),('802087M','CONTAB. FINANCIACION',3,'N'),('802090M','PROCESOS DE COSTOS II',3,'D'),('802092M','DIRECCIÓN Y ORGANIZACIÓN CONTABLE',3,'D'),('802093M','CONTROL Y AUDITORIA',3,'D'),('802094M','CONTINUACIÓN PRÁCTICA EMPRESARIAL CONTABLE',0,'D'),('802095M','ELECT. PROFESIONAL III -GESTION BASADA EN EL VALOR',3,'D'),('802099M','SOFTWARE Y PROCESOS CONTABLES',3,'D'),('802100M','GESTIÓN FINANCIERA Y PRESUPUESTOS',3,'N'),('802101M','CONTABILIDAD DE COSTOS Y PRESUPUESTOS',3,'D'),('802102M','CONTABILIDAD GENERAL',3,'N'),('802116M','EVALUACIÓN FIN. DE PROYECTOS PARA ADMÓN',3,'D'),('950002M','FUNDAMENTOS DE ADMINISTRACION',3,'N'),('950003M','TEORIAS DE LA ADMINISTRACION',3,'N'),('950004M','GESTION DOCUMENTAL I',3,'N'),('950005M','PSICOLOGÍA ORGANIZACIONAL',3,'N'),('950007M','EMPAQUES Y EMBALAJES',3,'N'),('950011M','GESTION DE COMPRAS',3,'N'),('950012M','Electiva en área de profundización II - EMPRENDIMIENTO SOCIAL Y DESARROLLO LOCAL',3,'D'),('950018M','VALORIZACION Y ESCALA SALARIAL',3,'D'),('950020M','METROLOGIA',3,'D'),('990001M','CONTINUACIÓN DE TRABAJO DE GRADO',0,'D');
/*!40000 ALTER TABLE `Asignaturas` ENABLE KEYS */;
UNLOCK TABLES;

--
-- Table structure for table `Dependencias`
--

DROP TABLE IF EXISTS `Dependencias`;
/*!40101 SET @saved_cs_client     = @@character_set_client */;
/*!40101 SET character_set_client = utf8 */;
CREATE TABLE `Dependencias` (
  `codigo` varchar(5) NOT NULL,
  `nombre` varchar(200) NOT NULL,
  `id_coordinador` varchar(20) NOT NULL,
  PRIMARY KEY (`codigo`),
  KEY `id_coordinador_idx` (`id_coordinador`)
) ENGINE=InnoDB DEFAULT CHARSET=latin1;
/*!40101 SET character_set_client = @saved_cs_client */;

--
-- Dumping data for table `Dependencias`
--

LOCK TABLES `Dependencias` WRITE;
/*!40000 ALTER TABLE `Dependencias` DISABLE KEYS */;
INSERT INTO `Dependencias` VALUES ('2711','actualizarNombreDependencia','actualizarId_Coor'),('2837','actualizarNombreDependencia','actualizarId_Coor'),('2838','actualizarNombreDependencia','actualizarId_Coor'),('2839','actualizarNombreDependencia','actualizarId_Coor'),('3249','actualizarNombreDependencia','actualizarId_Coor'),('3469','actualizarNombreDependencia','actualizarId_Coor'),('3841','actualizarNombreDependencia','actualizarId_Coor'),('3845','actualizarNombreDependencia','actualizarId_Coor'),('EC','actualizarNombreDependencia','actualizarId_Coor'),('OL','actualizarNombreDependencia','actualizarId_Coor');
/*!40000 ALTER TABLE `Dependencias` ENABLE KEYS */;
UNLOCK TABLES;

--
-- Table structure for table `Horarios`
--

DROP TABLE IF EXISTS `Horarios`;
/*!40101 SET @saved_cs_client     = @@character_set_client */;
/*!40101 SET character_set_client = utf8 */;
CREATE TABLE `Horarios` (
  `id_Horario` int(11) NOT NULL AUTO_INCREMENT,
  `id_asignatura_dependencia` int(11) NOT NULL,
  `dia` varchar(45) NOT NULL,
  `hora_inicial` time NOT NULL,
  `cantidad_horas` tinyint(20) NOT NULL,
  `id_usuario` varchar(20) NOT NULL,
  PRIMARY KEY (`id_Horario`),
  KEY `id_asignatura_dependencia_idx` (`id_asignatura_dependencia`),
  KEY `id_usuario_idx` (`id_usuario`)
) ENGINE=InnoDB AUTO_INCREMENT=234 DEFAULT CHARSET=latin1;
/*!40101 SET character_set_client = @saved_cs_client */;

--
-- Dumping data for table `Horarios`
--

LOCK TABLES `Horarios` WRITE;
/*!40000 ALTER TABLE `Horarios` DISABLE KEYS */;
INSERT INTO `Horarios` VALUES (4,1,'MARTES','08:00:00',0,'94393536'),(5,2,'LUNES','14:00:00',0,'34330296'),(6,3,'MARTES','16:00:00',0,'94424086'),(7,4,'SÁBADO','13:00:00',0,'6318626'),(8,5,'LUNES','10:30:00',0,'1130592826'),(9,6,'MARTES','15:00:00',0,'94481486'),(10,7,'LUNES','16:00:00',0,'10484891'),(11,7,'VIERNES','14:00:00',0,'10484891'),(12,8,'VIERNES','09:00:00',0,'34536884'),(13,9,'SÁBADO','08:00:00',0,'29679346'),(14,10,'LUNES','14:00:00',0,'10497520'),(15,11,'JUEVES','16:00:00',0,'12986596'),(16,12,'VIERNES','15:00:00',0,'6102962'),(17,13,'MIÉRCOLES','14:00:00',0,'10277376'),(18,14,'MARTES','09:00:00',0,'94424086'),(19,15,'MIÉRCOLES','08:00:00',0,'94393536'),(20,16,'LUNES','15:00:00',0,'16585041'),(21,17,'VIERNES','18:00:00',0,'94322992'),(22,18,'LUNES','18:30:00',0,'10491200'),(23,19,'MIÉRCOLES','18:00:00',0,'10277376'),(24,20,'SÁBADO','14:00:00',0,'29679346'),(25,21,'MIÉRCOLES','18:30:00',0,'10484891'),(26,21,'SÁBADO','14:00:00',0,'10484891'),(27,22,'JUEVES','18:00:00',0,'12986596'),(28,23,'VIERNES','18:30:00',0,'10277376'),(29,24,'MARTES','18:30:00',0,'94481486'),(30,25,'LUNES','18:00:00',0,'34330296'),(31,26,'SÁBADO','10:00:00',0,'94322992'),(32,12,'VIERNES','18:00:00',0,'6102962'),(33,16,'LUNES','18:00:00',0,'16585041'),(34,27,'MIÉRCOLES','18:00:00',0,'34330296'),(35,28,'MARTES','18:00:00',0,'94424086'),(36,29,'JUEVES','10:00:00',0,'16785083'),(37,30,'JUEVES','14:00:00',0,'16289243'),(38,31,'LUNES','18:30:00',0,'94372760'),(39,32,'VIERNES','14:00:00',0,'1062740204'),(40,33,'MIÉRCOLES','14:00:00',0,'19092522'),(41,34,'MIÉRCOLES','18:30:00',0,'1130617726'),(42,35,'MARTES','18:30:00',0,'38604761'),(43,36,'LUNES','18:30:00',0,'10492704'),(44,37,'SÁBADO ','14:00:00',0,'94322992'),(45,38,'VIERNES','18:30:00',0,'16289243'),(46,39,'SÁBADO ','10:00:00',0,'31574512'),(47,40,'LUNES','14:00:00',0,'10720347'),(48,41,'MIÉRCOLES','18:30:00',0,'16730708'),(49,42,'MARTES','18:30:00',0,'31574512'),(50,43,'JUEVES','18:30:00',0,'38877495'),(51,44,'MARTES','18:30:00',0,'14703461'),(52,45,'SÁBADO ','17:00:00',0,'94322992'),(53,46,'JUEVES','18:30:00',0,'16289243'),(54,47,'VIERNES','18:30:00',0,'19092522'),(55,48,'MARTES','18:30:00',0,'1115072595'),(56,49,'LUNES','18:30:00',0,'94373126'),(57,50,'JUEVES','18:30:00',0,'94061092'),(58,51,'SÁBADO ','17:00:00',0,'1062740204'),(59,52,'VIERNES','18:30:00',0,'16835639'),(60,53,'MARTES ','09:00:00',0,'29109283'),(61,53,'VIERNES ','07:00:00',0,'29109283'),(62,54,'VIERNES ','10:00:00',0,'16730708'),(63,55,'JUEVES','14:00:00',0,'14956645'),(64,55,'JUEVES','14:00:00',0,'16652908'),(65,56,'MIÉRCOLES','07:00:00',0,'94468996'),(66,57,'LUNES ','10:00:00',0,'31566964'),(67,58,'JUEVES ','10:00:00',0,'52754706'),(68,59,'JUEVES ','07:00:00',0,'94468996'),(69,60,'SÁBADO ','08:00:00',0,'67026186'),(70,60,'SÁBADO ','13:00:00',0,'67026186'),(71,61,'SÁBADO ','08:00:00',0,'16843264'),(72,62,'MARTES ','09:00:00',0,'67000371'),(73,63,'MARTES ','14:00:00',0,'1151948157'),(74,64,'JUEVES','08:00:00',0,'31566964'),(75,65,'MIÉRCOLES','08:00:00',0,'52754706'),(76,65,'MIÉRCOLES','14:00:00',0,'52754706'),(77,66,'MARTES ','13:00:00',0,'94373126'),(78,67,'VIERNES ','08:00:00',0,'29676919'),(79,67,'VIERNES ','13:00:00',0,'29676919'),(80,68,'LUNES  ','08:00:00',0,'94535854'),(81,68,'LUNES  ','13:00:00',0,'94535854'),(82,69,'LUNES','17:50:01',0,'31566964'),(83,70,'SÁBADO ','09:00:00',0,'1130626702'),(84,71,'MARTES ','07:00:00',0,'31566964'),(85,72,'MARTES ','09:00:00',0,'31566964'),(86,73,'MIÉRCOLES','14:00:00',0,'1130676614'),(87,74,'MIÉRCOLES','07:00:00',0,'66997092'),(88,75,'LUNES','09:00:00',0,'37060469'),(89,75,'JUEVES','10:00:00',0,'37060469'),(90,76,'LUNES','14:00:00',0,'1130592826'),(91,77,'SÁBADO ','07:00:00',0,'6318626'),(92,78,'LUNES','15:00:00',0,'14839067'),(93,78,'MIÉRCOLES ','18:30:00',0,'14839067'),(94,79,'VIERNES','08:00:00',0,'94304217'),(95,80,'MIÉRCOLES','07:00:00',0,'1130676614'),(96,81,'MARTES','10:00:00',0,'38563199'),(97,82,'MARTES','16:00:00',0,'6227900'),(98,82,'JUEVES','18:30:00',0,'6227900'),(99,83,'LUNES','17:00:00',0,'1130592826'),(100,83,'VIERNES','16:00:00',0,'1130592826'),(101,84,'JUEVES','14:00:00',0,'37060469'),(102,85,'MIÉRCOLES','10:00:00',0,'66997092'),(103,86,'MIÉRCOLES','15:00:00',0,'14839067'),(104,87,'VIERNES','13:00:00',0,'94304217'),(105,88,'LUNES','14:30:00',0,'94399414'),(106,89,'MIÉRCOLES','10:00:00',0,'1130676614'),(107,90,'JUEVES','15:30:00',0,'6227900'),(108,91,'MARTES','10:00:00',0,'1130621261'),(109,92,'MIÉRCOLES','14:00:00',0,'10484891'),(110,93,'JUEVES','14:00:00',0,'38563199'),(111,94,'MARTES','14:00:00',0,'38563199'),(112,95,'MARTES','08:00:00',0,'1130621261'),(113,96,'LUNES','17:50:03',0,'37060469'),(114,97,'LUNES','17:50:03',0,'37060469'),(115,98,'VIERNES','14:00:00',0,'66771786'),(116,99,'MARTES','14:00:00',0,'10720347'),(117,100,'JUEVES','14:00:00',0,'16741860'),(118,101,'JUEVES','10:00:00',0,'94373126'),(119,102,'VIERNES','07:00:00',0,'16616233'),(120,103,'LUNES','07:00:00',0,'34599136'),(121,104,'MIÉRCOLES','13:00:00',0,'1087415210'),(122,105,'MIÉRCOLES','08:00:00',0,'31871495'),(123,106,'LUNES','17:50:04',0,'31871495'),(124,107,'LUNES','17:50:04',0,'31871495'),(125,108,'LUNES','17:50:04',0,'31871495'),(126,109,'LUNES','17:50:04',0,'31871495'),(127,110,'VIERNES','18:30:00',0,'66771786'),(128,111,'LUNES','18:30:00',0,'94424086'),(129,112,'MARTES','18:30:00',0,'16918055'),(130,113,'MIÉRCOLES','18:30:00',0,'10484536'),(131,114,'VIERNES','18:30:00',0,'16582909'),(132,115,'LUNES','18:30:00',0,'14639201'),(133,116,'MIÉRCOLES','18:30:00',0,'16588439'),(134,117,'MARTES','18:30:00',0,'31938133'),(135,118,'MARTES','18:30:00',0,'16582909'),(136,119,'VIERNES','18:30:00',0,'10484536'),(137,120,'MIÉRCOLES','18:30:00',0,'14639201'),(138,121,'SÁBADO','14:00:00',0,'31574512'),(139,122,'JUEVES','18:30:00',0,'31938133'),(140,123,'LUNES','18:30:00',0,'1113636295'),(141,124,'JUEVES','18:30:00',0,'16741860'),(142,125,'MARTES','18:30:00',0,'10720347'),(143,126,'VIERNES','18:30:00',0,'41552536'),(144,99,'SÁBADO','14:00:00',0,'16616233'),(145,127,'MIÉRCOLES','18:30:00',0,'31871495'),(146,128,'LUNES','18:30:00',0,'16623609'),(147,106,'LUNES','17:50:05',0,'31871495'),(148,107,'LUNES','17:50:05',0,'31871495'),(149,108,'LUNES','17:50:05',0,'31871495'),(150,109,'LUNES','17:50:05',0,'31871495'),(151,129,'MIÉRCOLES','15:00:00',0,'14639201'),(152,130,'MARTES','10:00:00',0,'41552536'),(153,131,'LUNES','14:00:00',0,'16507538'),(154,132,'MIÉRCOLES','10:00:00',0,'66810392'),(155,133,'MARTES','14:00:00',0,'31938133'),(156,134,'LUNES','10:00:00',0,'34599136'),(157,135,'MARTES','10:00:00',0,'94513631'),(158,136,'MIÉRCOLES','14:00:00',0,'16708106'),(159,137,'MARTES','14:00:00',0,'66810392'),(160,138,'JUEVES','07:00:00',0,'10493217'),(161,139,'VIERNES','15:00:00',0,'31574512'),(162,140,'JUEVES','14:00:00',0,'31938133'),(163,141,'LUNES','14:00:00',0,'94424086'),(164,142,'MIÉRCOLES','10:00:00',0,'94061330'),(165,143,'VIERNES','14:00:00',0,'16708106'),(166,144,'JUEVES','10:00:00',0,'16741860'),(167,145,'LUNES','14:00:00',0,'16708106'),(168,146,'MARTES','07:00:00',0,'10493217'),(169,147,'MARTES','14:00:00',0,'16623609'),(170,148,'MIÉRCOLES','14:00:00',0,'34604884'),(171,149,'MARTES','07:00:00',0,'34599136'),(172,150,'VIERNES','10:00:00',0,'94377855'),(173,151,'MARTES','14:00:00',0,'94513631'),(174,152,'MIÉRCOLES','10:00:00',0,'34604884'),(175,153,'MIÉRCOLES','07:00:00',0,'16785083'),(176,154,'JUEVES','15:00:00',0,'10495062'),(177,155,'VIERNES','14:00:00',0,'94377855'),(178,136,'LUNES','18:30:00',0,'16708106'),(179,156,'MIÉRCOLES','18:30:00',0,'10493217'),(180,157,'MARTES','18:30:00',0,'34604884'),(181,158,'VIERNES','18:30:00',0,'16741860'),(182,139,'JUEVES','18:30:00',0,'31574512'),(183,140,'SÁBADO ','14:00:00',0,'94061330'),(184,142,'MARTES','18:30:00',0,'16792342'),(185,143,'SÁBADO ','14:00:00',0,'10492704'),(186,151,'JUEVES','18:30:00',0,'94513631'),(187,155,'MIÉRCOLES','18:30:00',0,'94377855'),(188,159,'VIERNES','18:30:00',0,'16708106'),(189,148,'LUNES','18:30:00',0,'34604884'),(190,149,'SÁBADO ','14:00:00',0,'34599136'),(191,160,'LUNES','18:30:00',0,'10495062'),(192,150,'VIERNES','18:30:00',0,'1144044955'),(193,153,'JUEVES','18:30:00',0,'10493217'),(194,145,'MIÉRCOLES','18:30:00',0,'16708106'),(195,147,'MARTES','18:30:00',0,'16623609'),(196,161,'SÁBADO ','17:00:00',0,'10497520'),(197,162,'SÁBADO ','14:00:00',0,'1144044955'),(198,163,'MIÉRCOLES','18:30:00',0,'10720347'),(199,164,'MARTES','18:30:00',0,'16507538'),(200,165,'VIERNES','18:30:00',0,'34599136'),(201,161,'SÁBADO ','14:00:00',0,'10497520'),(202,162,'SÁBADO ','17:00:00',0,'1144044955'),(203,163,'MIÉRCOLES','18:30:00',0,'41552536'),(204,164,'LUNES','18:30:00',0,'10484536'),(205,165,'VIERNES','18:30:00',0,'10492704'),(206,166,'LUNES','17:50:08',0,'66810392'),(207,167,'MARTES','18:30:00',0,'94377855'),(208,168,'MIÉRCOLES','18:30:00',0,'19092522'),(209,169,'JUEVES ','14:00:00',0,'52754706'),(210,170,'VIERNES','10:00:00',0,'79293776'),(211,171,'JUEVES','14:00:00',0,'12916884'),(212,172,'JUEVES','18:30:00',0,'1130617726'),(213,173,'JUEVES','18:30:00',0,'94468996'),(214,170,'VIERNES','14:00:00',0,'79293776'),(215,168,'JUEVES','18:30:00',0,'16652908'),(216,174,'JUEVES','18:30:00',0,'67006822'),(217,175,'MARTES','18:00:00',0,'31535234'),(218,176,'LUNES','18:30:00',0,'67006822'),(219,175,'MARTES ','14:00:00',0,'31535234'),(220,175,'MARTES','10:00:00',0,'31535234'),(221,175,'SÁBADO','14:00:00',0,'1062274940'),(222,176,'LUNES','18:30:00',0,'16588439'),(223,176,'MARTES','18:30:00',0,'87245541'),(224,175,'SÁBADO ','18:00:00',0,'1062274940'),(225,69,'LUNES','17:50:12',0,'31566964'),(226,96,'LUNES','17:50:12',0,'37060469'),(227,97,'LUNES','17:50:12',0,'37060469'),(228,106,'LUNES','17:50:12',0,'31871495'),(229,107,'LUNES','17:50:12',0,'31871495'),(230,108,'LUNES','17:50:12',0,'31871495'),(231,109,'LUNES','17:50:12',0,'31871495'),(232,166,'LUNES','17:50:12',0,'66810392'),(233,92,'MIERCOLES','03:30:00',4,'6102962');
/*!40000 ALTER TABLE `Horarios` ENABLE KEYS */;
UNLOCK TABLES;

--
-- Table structure for table `Perfiles`
--

DROP TABLE IF EXISTS `Perfiles`;
/*!40101 SET @saved_cs_client     = @@character_set_client */;
/*!40101 SET character_set_client = utf8 */;
CREATE TABLE `Perfiles` (
  `id` int(1) NOT NULL,
  `descripcion` varchar(150) NOT NULL,
  PRIMARY KEY (`id`)
) ENGINE=InnoDB DEFAULT CHARSET=latin1;
/*!40101 SET character_set_client = @saved_cs_client */;

--
-- Dumping data for table `Perfiles`
--

LOCK TABLES `Perfiles` WRITE;
/*!40000 ALTER TABLE `Perfiles` DISABLE KEYS */;
INSERT INTO `Perfiles` VALUES (0,'ADMINISTRADORXS'),(1,'COORDINADORXS'),(2,'PROFESORXS'),(3,'MONITORXS');
/*!40000 ALTER TABLE `Perfiles` ENABLE KEYS */;
UNLOCK TABLES;

--
-- Table structure for table `Registros`
--

DROP TABLE IF EXISTS `Registros`;
/*!40101 SET @saved_cs_client     = @@character_set_client */;
/*!40101 SET character_set_client = utf8 */;
CREATE TABLE `Registros` (
  `id_Registros` int(11) NOT NULL AUTO_INCREMENT,
  `id_horario` int(11) NOT NULL,
  `fecha` date NOT NULL,
  `hora_llegada` time DEFAULT NULL,
  `id_Tema` int(11) DEFAULT NULL,
  PRIMARY KEY (`id_Registros`),
  KEY `id_horario_idx` (`id_horario`),
  KEY `id_Tema` (`id_Tema`),
  CONSTRAINT `Registros_ibfk_1` FOREIGN KEY (`id_Tema`) REFERENCES `Temas` (`id_tema`)
) ENGINE=InnoDB AUTO_INCREMENT=9 DEFAULT CHARSET=latin1;
/*!40101 SET character_set_client = @saved_cs_client */;

--
-- Dumping data for table `Registros`
--

LOCK TABLES `Registros` WRITE;
/*!40000 ALTER TABLE `Registros` DISABLE KEYS */;
INSERT INTO `Registros` VALUES (8,108,'2017-05-23','16:35:00',NULL);
/*!40000 ALTER TABLE `Registros` ENABLE KEYS */;
UNLOCK TABLES;

--
-- Table structure for table `Reportes`
--

DROP TABLE IF EXISTS `Reportes`;
/*!40101 SET @saved_cs_client     = @@character_set_client */;
/*!40101 SET character_set_client = utf8 */;
CREATE TABLE `Reportes` (
  `id_reporte` int(11) NOT NULL AUTO_INCREMENT,
  `id_usuario` int(11) NOT NULL,
  `asunto` varchar(50) NOT NULL,
  `descripcion` varchar(200) NOT NULL,
  PRIMARY KEY (`id_reporte`),
  UNIQUE KEY `id_reporte` (`id_reporte`)
) ENGINE=InnoDB AUTO_INCREMENT=6 DEFAULT CHARSET=latin1;
/*!40101 SET character_set_client = @saved_cs_client */;

--
-- Dumping data for table `Reportes`
--

LOCK TABLES `Reportes` WRITE;
/*!40000 ALTER TABLE `Reportes` DISABLE KEYS */;
INSERT INTO `Reportes` VALUES (1,789,'fffffffffffffff','fffffffffffffff'),(2,789,'fffffffffffffff','fffffffffffffff'),(3,1113636295,'ewdwefew','ewdwefew'),(4,10277376,'sdsdcd','sdsdcd'),(5,94372760,'fvfvgf','fvfvgf');
/*!40000 ALTER TABLE `Reportes` ENABLE KEYS */;
UNLOCK TABLES;

--
-- Table structure for table `Reportesclases`
--

DROP TABLE IF EXISTS `Reportesclases`;
/*!40101 SET @saved_cs_client     = @@character_set_client */;
/*!40101 SET character_set_client = utf8 */;
CREATE TABLE `Reportesclases` (
  `id_reporteClases` int(11) NOT NULL AUTO_INCREMENT,
  `id_registro` int(11) NOT NULL,
  `tipo` varchar(20) NOT NULL,
  `numeroEstudiantes` int(11) NOT NULL,
  `descripcion` text NOT NULL,
  PRIMARY KEY (`id_reporteClases`)
) ENGINE=InnoDB DEFAULT CHARSET=latin1;
/*!40101 SET character_set_client = @saved_cs_client */;

--
-- Dumping data for table `Reportesclases`
--

LOCK TABLES `Reportesclases` WRITE;
/*!40000 ALTER TABLE `Reportesclases` DISABLE KEYS */;
/*!40000 ALTER TABLE `Reportesclases` ENABLE KEYS */;
UNLOCK TABLES;

--
-- Table structure for table `Semestre`
--

DROP TABLE IF EXISTS `Semestre`;
/*!40101 SET @saved_cs_client     = @@character_set_client */;
/*!40101 SET character_set_client = utf8 */;
CREATE TABLE `Semestre` (
  `fecha_inicio` date DEFAULT NULL,
  `fecha_fin` date DEFAULT NULL
) ENGINE=InnoDB DEFAULT CHARSET=latin1;
/*!40101 SET character_set_client = @saved_cs_client */;

--
-- Dumping data for table `Semestre`
--

LOCK TABLES `Semestre` WRITE;
/*!40000 ALTER TABLE `Semestre` DISABLE KEYS */;
INSERT INTO `Semestre` VALUES ('2017-02-06','2017-06-17');
/*!40000 ALTER TABLE `Semestre` ENABLE KEYS */;
UNLOCK TABLES;

--
-- Table structure for table `Sessions`
--

DROP TABLE IF EXISTS `Sessions`;
/*!40101 SET @saved_cs_client     = @@character_set_client */;
/*!40101 SET character_set_client = utf8 */;
CREATE TABLE `Sessions` (
  `id` varchar(255) COLLATE utf8mb4_unicode_ci NOT NULL,
  `user_id` int(10) unsigned DEFAULT NULL,
  `ip_address` varchar(45) COLLATE utf8mb4_unicode_ci DEFAULT NULL,
  `user_agent` text COLLATE utf8mb4_unicode_ci,
  `payload` text COLLATE utf8mb4_unicode_ci NOT NULL,
  `last_activity` int(11) NOT NULL
) ENGINE=InnoDB DEFAULT CHARSET=utf8mb4 COLLATE=utf8mb4_unicode_ci;
/*!40101 SET character_set_client = @saved_cs_client */;

--
-- Dumping data for table `Sessions`
--

LOCK TABLES `Sessions` WRITE;
/*!40000 ALTER TABLE `Sessions` DISABLE KEYS */;
/*!40000 ALTER TABLE `Sessions` ENABLE KEYS */;
UNLOCK TABLES;

--
-- Table structure for table `Temas`
--

DROP TABLE IF EXISTS `Temas`;
/*!40101 SET @saved_cs_client     = @@character_set_client */;
/*!40101 SET character_set_client = utf8 */;
CREATE TABLE `Temas` (
  `id_tema` int(11) NOT NULL AUTO_INCREMENT,
  `codigo_asignatura` varchar(20) NOT NULL,
  `id_usuario` varchar(20) NOT NULL,
  `nombre` varchar(20) NOT NULL,
  `descripcion` text NOT NULL,
  PRIMARY KEY (`id_tema`)
) ENGINE=InnoDB AUTO_INCREMENT=10 DEFAULT CHARSET=latin1;
/*!40101 SET character_set_client = @saved_cs_client */;

--
-- Dumping data for table `Temas`
--

LOCK TABLES `Temas` WRITE;
/*!40000 ALTER TABLE `Temas` DISABLE KEYS */;
INSERT INTO `Temas` VALUES (1,'ABCD','789','protocolos','servidores y protocolos'),(2,'750087M','6102962','protocolos','protocolos'),(4,'750084M','34330296','grafos','en esta seccion veremos ka definicion y practica de los grafos'),(5,'750084M','34330296','recurrencia','se enseñara las diferentes maneras o formar de hacer recurrencias'),(6,'750099M','34330296','acuerdo 009','veremos los derechos y deberes de los estudiantes'),(7,'750099M','34330296','los sistemas','veremos la definicion de  los sistemas Enla universidad'),(8,'801175M','66810392','MERCADEO','HOla estoy haciendo una prueba'),(9,'405116M','1130621261','SECUENCIAS','aaaaaaaaaaaaaaaaaaaaaaaaaaaaaaaaaaaaaaaaaaaaaaaaaaaaaaaaaaaaaaaaaaaaaaaaaaaaaaaaaaa');
/*!40000 ALTER TABLE `Temas` ENABLE KEYS */;
UNLOCK TABLES;

--
-- Table structure for table `Usuarios`
--

DROP TABLE IF EXISTS `Usuarios`;
/*!40101 SET @saved_cs_client     = @@character_set_client */;
/*!40101 SET character_set_client = utf8 */;
CREATE TABLE `Usuarios` (
  `Numero_cedula` varchar(20) NOT NULL,
  `password` varchar(200) NOT NULL,
  `nombre` varchar(200) NOT NULL,
  `correo` varchar(150) NOT NULL,
  `estado` binary(1) NOT NULL DEFAULT '0',
  `id_perfil` int(1) NOT NULL
) ENGINE=InnoDB DEFAULT CHARSET=latin1;
/*!40101 SET character_set_client = @saved_cs_client */;

--
-- Dumping data for table `Usuarios`
--

LOCK TABLES `Usuarios` WRITE;
/*!40000 ALTER TABLE `Usuarios` DISABLE KEYS */;
INSERT INTO `Usuarios` VALUES ('1','123','ROOT','1','',0),('actualizarId_Coor','actualizarId_Coor','actualizarId_Coor','actualizarId_Coor','',1),('94393536','94393536','LOPEZ BENITEZ MAURICIO','actualizarCorreo','1',2),('34330296','34330296','FIGUEROA POLANCO PAULA ANDREA','actualizarCorreo','1',2),('94424086','94424086','MARQUEZ HERRERA DAVID','actualizarCorreo','1',2),('6318626','6318626','CALERO BILMER','actualizarCorreo','1',2),('1130592826','1130592826','ROMERO AGREDO STEEV','actualizarCorreo','1',2),('94481486','94481486','CASTILLO RAMIREZ MARIO GERMAN','actualizarCorreo','1',2),('10484891','10484891','GUZMAN FERNANDEZ EIBAR','actualizarCorreo','1',2),('34536884','34536884','GALVIS TORRES GLORIA AMPARO','actualizarCorreo','1',2),('29679346','29679346','MORENO TORRES LEOVIVIANA','actualizarCorreo','1',2),('10497520','10497520','DIAZ DAGUA LUIS EDUARDO','actualizarCorreo','1',2),('12986596','12986596','BENAVIDES PEÑA TULIO NEL','actualizarCorreo','1',2),('6102962','6102962','CAUSIMANSE JHON ROBERT','actualizarCorreo','1',2),('10277376','10277376','CORREA GARCÍA JORGE ALBERTO','actualizarCorreo','1',2),('16585041','16585041','GUEVARA HURTADO JOAQUIN HERNANDO','actualizarCorreo','1',2),('94322992','94322992','CASTAÑEDA MUÑOZ JOSE ALEXANDER','actualizarCorreo','1',2),('10491200','10491200','PALACIOS ANZOLA MARIANO','actualizarCorreo','1',2),('16785083','16785083','MEJIA GONZALEZ ANTONIO','actualizarCorreo','1',2),('16289243','16289243','GONZÁLEZ GERARDO','actualizarCorreo','1',2),('94372760','94372760','PAZ MUNARES ORLANDO ','actualizarCorreo','1',2),('1062740204','1062740204','ZAMORA YUSTI MARIA ISABEL','actualizarCorreo','1',2),('19092522','19092522','DIAZ SALDAÑA NATHANAEL','actualizarCorreo','1',2),('1130617726','1130617726','APARICIO ERAZO JORGE LUIS','actualizarCorreo','1',2),('38604761','38604761','RAMÍREZ ROJAS ANDREA','actualizarCorreo','1',2),('10492704','10492704','GUAUÑA AGUILAR RAFAEL ANDRES','actualizarCorreo','1',2),('31574512','31574512','CASTAÑO BEDOYA DORY ANDREA','actualizarCorreo','1',2),('10720347','10720347','GÓMEZ FERNÁNDEZ MÁXIMO GENTIL','actualizarCorreo','1',2),('16730708','16730708','MARULANDA VARGAS HENRY','actualizarCorreo','1',2),('38877495','38877495','ALVAREZ TOLEDO YONLANDA PATRICIA','actualizarCorreo','1',2),('14703461','14703461','ARANGO ESPINAL EDWIN','actualizarCorreo','1',2),('1115072595','1115072595','DUARTE CUADROS AMIR JOHAN ','actualizarCorreo','1',2),('94373126','94373126','AGUIRRE GONZALEZ EDUAR FERNANDO','actualizarCorreo','1',2),('94061092','94061092','CARDONA PLAZAS SERGIO ANDRES','actualizarCorreo','1',2),('16835639','16835639','RODALLEGA CARLOS HERNÁN ','actualizarCorreo','1',2),('29109283','29109283','ARIAS CUELLAR DIANA LORENA','actualizarCorreo','1',2),('14956645','14956645','ALVAREZ ADOLFO ADRIAN','actualizarCorreo','1',2),('16652908','16652908','SIERRA CÉSPEDES HOLMES','actualizarCorreo','1',2),('94468996','94468996','D´VRIES ARTURO SILVIO ERWIN','actualizarCorreo','1',2),('31566964','31566964','BLANCO ECHEVERRY MARIA DEL PILAR','actualizarCorreo','1',2),('52754706','52754706','GRANADOS SOLER DIANA LISBET','actualizarCorreo','1',2),('67026186','67026186','VILLADA GUACA GINETH','actualizarCorreo','1',2),('16843264','16843264','TENORIO TORO CESAR','actualizarCorreo','1',2),('67000371','67000371','GARCÍA VÁSQUEZ GENNY ANDREA','actualizarCorreo','1',2),('1151948157','1151948157','JOYA NARANJO PAULA ANDREA','actualizarCorreo','1',2),('29676919','29676919','ESCOBAR ESCOBAR ELIZABETH','actualizarCorreo','1',2),('94535854','94535854','RENTERIA JORGE LUIS ','actualizarCorreo','1',2),('1130626702','1130626702','CARO VILLALBA KATHRYN YESENIA','actualizarCorreo','1',2),('1130676614','1130676614','MELAN JARAMILLO CARLOS ALBERTO','actualizarCorreo','1',2),('66997092','66997092','ZEMANATE CUELLAR DEYSI','actualizarCorreo','1',2),('37060469','37060469','GARCIA MORENO ADRIANA','actualizarCorreo','1',2),('14839067','14839067','FERNANDEZ LOPEZ DANIEL ANDRES','actualizarCorreo','1',2),('94304217','94304217','ESPINOSA SANCLEMENTE LUIS FERNANDO','actualizarCorreo','1',2),('38563199','38563199','APONTE MARÍN MÓNICA ANDREA','actualizarCorreo','1',2),('6227900','6227900','GRUESO RONALD ANDRES','actualizarCorreo','1',2),('94399414','94399414','MÉNDEZ CARDONA JULIO CÉSAR','actualizarCorreo','1',2),('1130621261','1130621261','HURTADO MORENO CRISTIAN ANDRÉS','actualizarCorreo','1',2),('66771786','66771786','BERMUDEZ SANCHEZ ALBA LUCIA','actualizarCorreo','1',2),('16741860','16741860','PONCE GUTIERREZ HECTOR FABIO','actualizarCorreo','1',2),('16616233','16616233','RODRIGUEZ RICCI RAUL','actualizarCorreo','1',2),('34599136','34599136','GONZÁLEZ RODRÍGUEZ IVANA','actualizarCorreo','1',2),('1087415210','1087415210','MOLINA MORA FRANCISCO RICARDO','actualizarCorreo','1',2),('31871495','31871495','QUINTERO CASTILLO RUBIELA','actualizarCorreo','1',2),('16918055','16918055','GRAJALES QUINTERO YONNY STIVEN','actualizarCorreo','1',2),('10484536','10484536','TRUJILLO LEDEZMA DANIEL','actualizarCorreo','1',2),('16582909','16582909','LASSO CUTIVA ISABELINO','actualizarCorreo','1',2),('14639201','14639201','MOLINA MONTERO ANDRÉS FELIPE','actualizarCorreo','1',2),('16588439','16588439','NIÑO LOMBO BENJAMIN SILVINO','actualizarCorreo','1',2),('31938133','31938133','CIFUENTES GONZÁLEZ ALBA LUCíA','actualizarCorreo','1',2),('1113636295','1113636295','HINCAPIÉ MEJÍA JUAN PABLO','actualizarCorreo','1',2),('41552536','41552536','LOPEZ JARAMILLO RUTH','actualizarCorreo','1',2),('16623609','16623609','MORENO MINA RODOLFO HERNANDO','actualizarCorreo','1',2),('16507538','16507538','ESCOBAR QUIÑONEZ EDWARD ENRIQUE','actualizarCorreo','1',2),('66810392','66810392','OLAYA GARCIA MARIA FANNY','actualizarCorreo','1',2),('94513631','94513631','ARCOS ORDÓÑEZ ELKIN GIOVANNY','actualizarCorreo','1',2),('16708106','16708106','MORANTE JUAN ALEJANDRO','actualizarCorreo','1',2),('10493217','10493217','FIGUEROA JUAN CARLOS','actualizarCorreo','1',2),('94061330','94061330','LÓPEZ GÓMEZ OSCAR EDUARDO','actualizarCorreo','1',2),('34604884','34604884','PULIDO VALENCIA GILDA PATRICIA','actualizarCorreo','1',2),('94377855','94377855','GUERRERO VILLAFAÑE JOSE FERNANDO','actualizarCorreo','1',2),('10495062','10495062','HURTADO VELASQUEZ CAMILO ERNESTO','actualizarCorreo','1',2),('16792342','16792342','PLAZAS BERMÚDEZ ALVARO HERNÁN','actualizarCorreo','1',2),('1144044955','1144044955','GARCÍA CAICEDO CRISTIAN DAVID','actualizarCorreo','1',2),('79293776','79293776','NAVARRETE RODRIGUEZ DANIEL ','actualizarCorreo','1',2),('12916884','12916884','VIVAS ARBOLEDA JHONNY','actualizarCorreo','1',2),('67006822','67006822','GIRON GALEANO YENNY','actualizarCorreo','1',2),('31535234','31535234','FORERO ARANGO ERIKA MARLEN','actualizarCorreo','1',2),('1062274940','1062274940','MOLINA MANCILLA MONICA','actualizarCorreo','1',2),('87245541','87245541','LOPEZ HERNEY','actualizarCorreo','1',2),('11111','NUEVA','11111','11111@GMS','1',2),('3','3','profe prueba','3@g.com','1',2);
/*!40000 ALTER TABLE `Usuarios` ENABLE KEYS */;
UNLOCK TABLES;

--
-- Table structure for table `migrations`
--

DROP TABLE IF EXISTS `migrations`;
/*!40101 SET @saved_cs_client     = @@character_set_client */;
/*!40101 SET character_set_client = utf8 */;
CREATE TABLE `migrations` (
  `id` int(10) unsigned NOT NULL,
  `migration` varchar(255) COLLATE utf8mb4_unicode_ci NOT NULL,
  `batch` int(11) NOT NULL,
  PRIMARY KEY (`id`)
) ENGINE=InnoDB DEFAULT CHARSET=utf8mb4 COLLATE=utf8mb4_unicode_ci;
/*!40101 SET character_set_client = @saved_cs_client */;

--
-- Dumping data for table `migrations`
--

LOCK TABLES `migrations` WRITE;
/*!40000 ALTER TABLE `migrations` DISABLE KEYS */;
INSERT INTO `migrations` VALUES (1,'2014_10_12_000000_create_users_table',1),(2,'2014_10_12_100000_create_password_resets_table',1),(3,'2017_04_21_143359_create_sessions_table',1);
/*!40000 ALTER TABLE `migrations` ENABLE KEYS */;
UNLOCK TABLES;

--
-- Table structure for table `password_resets`
--

DROP TABLE IF EXISTS `password_resets`;
/*!40101 SET @saved_cs_client     = @@character_set_client */;
/*!40101 SET character_set_client = utf8 */;
CREATE TABLE `password_resets` (
  `email` varchar(255) COLLATE utf8mb4_unicode_ci NOT NULL,
  `token` varchar(255) COLLATE utf8mb4_unicode_ci NOT NULL,
  `created_at` timestamp NULL DEFAULT NULL,
  KEY `password_resets_email_index` (`email`(191)),
  KEY `password_resets_token_index` (`token`(191))
) ENGINE=InnoDB DEFAULT CHARSET=utf8mb4 COLLATE=utf8mb4_unicode_ci;
/*!40101 SET character_set_client = @saved_cs_client */;

--
-- Dumping data for table `password_resets`
--

LOCK TABLES `password_resets` WRITE;
/*!40000 ALTER TABLE `password_resets` DISABLE KEYS */;
/*!40000 ALTER TABLE `password_resets` ENABLE KEYS */;
UNLOCK TABLES;

--
-- Table structure for table `users`
--

DROP TABLE IF EXISTS `users`;
/*!40101 SET @saved_cs_client     = @@character_set_client */;
/*!40101 SET character_set_client = utf8 */;
CREATE TABLE `users` (
  `id` int(10) unsigned NOT NULL,
  `name` varchar(255) COLLATE utf8mb4_unicode_ci NOT NULL,
  `email` varchar(255) COLLATE utf8mb4_unicode_ci NOT NULL,
  `password` varchar(255) COLLATE utf8mb4_unicode_ci NOT NULL,
  `remember_token` varchar(100) COLLATE utf8mb4_unicode_ci DEFAULT NULL,
  `created_at` timestamp NULL DEFAULT NULL,
  `updated_at` timestamp NULL DEFAULT NULL
) ENGINE=InnoDB DEFAULT CHARSET=utf8mb4 COLLATE=utf8mb4_unicode_ci;
/*!40101 SET character_set_client = @saved_cs_client */;

--
-- Dumping data for table `users`
--

LOCK TABLES `users` WRITE;
/*!40000 ALTER TABLE `users` DISABLE KEYS */;
/*!40000 ALTER TABLE `users` ENABLE KEYS */;
UNLOCK TABLES;
/*!40103 SET TIME_ZONE=@OLD_TIME_ZONE */;

/*!40101 SET SQL_MODE=@OLD_SQL_MODE */;
/*!40014 SET FOREIGN_KEY_CHECKS=@OLD_FOREIGN_KEY_CHECKS */;
/*!40014 SET UNIQUE_CHECKS=@OLD_UNIQUE_CHECKS */;
/*!40101 SET CHARACTER_SET_CLIENT=@OLD_CHARACTER_SET_CLIENT */;
/*!40101 SET CHARACTER_SET_RESULTS=@OLD_CHARACTER_SET_RESULTS */;
/*!40101 SET COLLATION_CONNECTION=@OLD_COLLATION_CONNECTION */;
/*!40111 SET SQL_NOTES=@OLD_SQL_NOTES */;

-- Dump completed on 2017-05-23 16:47:39
